USE club_management
GO
INSERT INTO Club (ClubID, ClubName, Stadium) VALUES
(1, N'FC Barcelona', N'Camp Nou');
GO
INSERT INTO Contracts (ContractID, StartDate, EndDate, Salary, BonusTerms, PlayerID) VALUES
(1, CAST(N'2023-07-01' AS Date), CAST(N'2026-07-01' AS Date), CAST(76822.00 AS Decimal(18, 2)), N'Standard performance bonus', 1),
(2, CAST(N'2023-07-01' AS Date), CAST(N'2026-07-01' AS Date), CAST(59766.00 AS Decimal(18, 2)), N'Standard performance bonus', 2),
(3, CAST(N'2023-07-01' AS Date), CAST(N'2026-07-01' AS Date), CAST(123573.00 AS Decimal(18, 2)), N'Standard performance bonus', 3),
(4, CAST(N'2023-07-01' AS Date), CAST(N'2026-07-01' AS Date), CAST(51925.00 AS Decimal(18, 2)), N'Standard performance bonus', 4),
(5, CAST(N'2023-07-01' AS Date), CAST(N'2026-07-01' AS Date), CAST(126468.00 AS Decimal(18, 2)), N'Standard performance bonus', 5),
(6, CAST(N'2023-07-01' AS Date), CAST(N'2026-07-01' AS Date), CAST(137561.00 AS Decimal(18, 2)), N'Standard performance bonus', 6),
(7, CAST(N'2023-07-01' AS Date), CAST(N'2026-07-01' AS Date), CAST(116640.00 AS Decimal(18, 2)), N'Standard performance bonus', 7),
(8, CAST(N'2023-07-01' AS Date), CAST(N'2026-07-01' AS Date), CAST(101423.00 AS Decimal(18, 2)), N'Standard performance bonus', 8),
(9, CAST(N'2023-07-01' AS Date), CAST(N'2026-07-01' AS Date), CAST(144374.00 AS Decimal(18, 2)), N'Standard performance bonus', 9),
(10, CAST(N'2023-07-01' AS Date), CAST(N'2026-07-01' AS Date), CAST(105932.00 AS Decimal(18, 2)), N'Standard performance bonus', 10),
(11, CAST(N'2023-07-01' AS Date), CAST(N'2026-07-01' AS Date), CAST(75121.00 AS Decimal(18, 2)), N'Standard performance bonus', 11),
(12, CAST(N'2023-07-01' AS Date), CAST(N'2026-07-01' AS Date), CAST(53798.00 AS Decimal(18, 2)), N'Standard performance bonus', 12),
(13, CAST(N'2023-07-01' AS Date), CAST(N'2026-07-01' AS Date), CAST(148921.00 AS Decimal(18, 2)), N'Standard performance bonus', 13),
(14, CAST(N'2023-07-01' AS Date), CAST(N'2026-07-01' AS Date), CAST(136333.00 AS Decimal(18, 2)), N'Standard performance bonus', 14),
(15, CAST(N'2023-07-01' AS Date), CAST(N'2026-07-01' AS Date), CAST(142195.00 AS Decimal(18, 2)), N'Standard performance bonus', 15),
(16, CAST(N'2023-07-01' AS Date), CAST(N'2026-07-01' AS Date), CAST(51297.00 AS Decimal(18, 2)), N'Standard performance bonus', 16),
(17, CAST(N'2023-07-01' AS Date), CAST(N'2026-07-01' AS Date), CAST(81233.00 AS Decimal(18, 2)), N'Standard performance bonus', 17),
(18, CAST(N'2023-07-01' AS Date), CAST(N'2026-07-01' AS Date), CAST(130609.00 AS Decimal(18, 2)), N'Standard performance bonus', 18),
(19, CAST(N'2023-07-01' AS Date), CAST(N'2026-07-01' AS Date), CAST(106876.00 AS Decimal(18, 2)), N'Standard performance bonus', 19),
(20, CAST(N'2023-07-01' AS Date), CAST(N'2026-07-01' AS Date), CAST(101355.00 AS Decimal(18, 2)), N'Standard performance bonus', 20),
(21, CAST(N'2023-07-01' AS Date), CAST(N'2026-07-01' AS Date), CAST(134463.00 AS Decimal(18, 2)), N'Standard performance bonus', 21),
(22, CAST(N'2023-07-01' AS Date), CAST(N'2026-07-01' AS Date), CAST(78608.00 AS Decimal(18, 2)), N'Standard performance bonus', 22),
(23, CAST(N'2023-07-01' AS Date), CAST(N'2026-07-01' AS Date), CAST(119180.00 AS Decimal(18, 2)), N'Standard performance bonus', 23),
(24, CAST(N'2023-07-01' AS Date), CAST(N'2026-07-01' AS Date), CAST(77387.00 AS Decimal(18, 2)), N'Standard performance bonus', 24),
(25, CAST(N'2023-07-01' AS Date), CAST(N'2026-07-01' AS Date), CAST(115034.00 AS Decimal(18, 2)), N'Standard performance bonus', 25);
GO
INSERT INTO Customers (CustomerID, CustomerName, Email, PhoneNumber) VALUES
(1, N'Customer 1', N'c1@mail.com', N'09000001'),
(2, N'Customer 2', N'c2@mail.com', N'09000002'),
(3, N'Customer 3', N'c3@mail.com', N'09000003'),
(4, N'Customer 4', N'c4@mail.com', N'09000004'),
(5, N'Customer 5', N'c5@mail.com', N'09000005'),
(6, N'Customer 6', N'c6@mail.com', N'09000006'),
(7, N'Customer 7', N'c7@mail.com', N'09000007'),
(8, N'Customer 8', N'c8@mail.com', N'09000008'),
(9, N'Customer 9', N'c9@mail.com', N'09000009'),
(10, N'Customer 10', N'c10@mail.com', N'09000010'),
(11, N'Customer 11', N'c11@mail.com', N'09000011'),
(12, N'Customer 12', N'c12@mail.com', N'09000012'),
(13, N'Customer 13', N'c13@mail.com', N'09000013'),
(14, N'Customer 14', N'c14@mail.com', N'09000014'),
(15, N'Customer 15', N'c15@mail.com', N'09000015'),
(16, N'Customer 16', N'c16@mail.com', N'09000016'),
(17, N'Customer 17', N'c17@mail.com', N'09000017'),
(18, N'Customer 18', N'c18@mail.com', N'09000018'),
(19, N'Customer 19', N'c19@mail.com', N'09000019'),
(20, N'Customer 20', N'c20@mail.com', N'09000020'),
(21, N'Customer 21', N'c21@mail.com', N'09000021'),
(22, N'Customer 22', N'c22@mail.com', N'09000022'),
(23, N'Customer 23', N'c23@mail.com', N'09000023'),
(24, N'Customer 24', N'c24@mail.com', N'09000024'),
(25, N'Customer 25', N'c25@mail.com', N'09000025');
GO
INSERT INTO Fund (SponsorID, ClubID, StartDate, ValidUntil) VALUES
(1, 1, CAST(N'2023-01-01' AS Date), CAST(N'2026-01-01' AS Date)),
(2, 1, CAST(N'2023-06-01' AS Date), CAST(N'2026-06-01' AS Date)),
(3, 1, CAST(N'2022-01-01' AS Date), CAST(N'2025-01-01' AS Date)),
(4, 1, CAST(N'2024-01-01' AS Date), CAST(N'2027-01-01' AS Date)),
(5, 1, CAST(N'2023-03-01' AS Date), CAST(N'2026-03-01' AS Date));
GO
INSERT INTO Injuries (InjuryID, InjuryName, Type, Detail) VALUES
(1, N'Hamstring', N'Muscle', N'Muscle strain'),
(2, N'ACL Tear', N'Ligament', N'Knee injury'),
(3, N'Ankle Sprain', N'Joint', N'Ankle twist');
GO
INSERT INTO InjuryStats (InjuryID, PlayerID, StartDate, ExpectedReturn) VALUES
(1, 4, CAST(N'2024-01-10' AS Date), CAST(N'2024-02-10' AS Date)),
(1, 15, CAST(N'2024-02-15' AS Date), CAST(N'2024-03-10' AS Date)),
(2, 5, CAST(N'2024-02-01' AS Date), CAST(N'2024-04-01' AS Date)),
(3, 8, CAST(N'2024-03-05' AS Date), CAST(N'2024-03-25' AS Date)),
(3, 21, CAST(N'2024-01-20' AS Date), CAST(N'2024-02-05' AS Date));
GO
INSERT INTO Matches (MatchID, Opponent, MatchDate, Venue, Competition) VALUES
(1, N'Real Madrid', CAST(N'2024-01-01' AS Date), N'Home', N'La Liga'),
(2, N'Atletico Madrid', CAST(N'2024-01-05' AS Date), N'Away', N'La Liga'),
(3, N'Sevilla', CAST(N'2024-01-10' AS Date), N'Home', N'La Liga'),
(4, N'Valencia', CAST(N'2024-01-15' AS Date), N'Away', N'La Liga'),
(5, N'Girona', CAST(N'2024-01-20' AS Date), N'Home', N'La Liga'),
(6, N'Villarreal', CAST(N'2024-01-25' AS Date), N'Away', N'La Liga'),
(7, N'Betis', CAST(N'2024-02-01' AS Date), N'Home', N'La Liga'),
(8, N'Sociedad', CAST(N'2024-02-05' AS Date), N'Away', N'La Liga'),
(9, N'Osasuna', CAST(N'2024-02-10' AS Date), N'Home', N'La Liga'),
(10, N'Mallorca', CAST(N'2024-02-15' AS Date), N'Away', N'La Liga'),
(11, N'Granada', CAST(N'2024-02-20' AS Date), N'Home', N'La Liga'),
(12, N'Almeria', CAST(N'2024-02-25' AS Date), N'Away', N'La Liga'),
(13, N'Cadiz', CAST(N'2024-03-01' AS Date), N'Home', N'La Liga'),
(14, N'Las Palmas', CAST(N'2024-03-05' AS Date), N'Away', N'La Liga'),
(15, N'Rayo Vallecano', CAST(N'2024-03-10' AS Date), N'Home', N'La Liga'),
(16, N'Espanyol', CAST(N'2024-03-15' AS Date), N'Away', N'La Liga'),
(17, N'Inter Milan', CAST(N'2024-03-20' AS Date), N'Home', N'Champions League'),
(18, N'Bayern Munich', CAST(N'2024-03-25' AS Date), N'Away', N'Champions League'),
(19, N'Man City', CAST(N'2024-03-30' AS Date), N'Home', N'Champions League'),
(20, N'Chelsea', CAST(N'2024-04-01' AS Date), N'Away', N'Champions League'),
(21, N'PSG', CAST(N'2024-04-05' AS Date), N'Home', N'Champions League'),
(22, N'Dortmund', CAST(N'2024-04-10' AS Date), N'Away', N'Champions League'),
(23, N'Arsenal', CAST(N'2024-04-15' AS Date), N'Home', N'Champions League'),
(24, N'Juventus', CAST(N'2024-04-20' AS Date), N'Away', N'Champions League'),
(25, N'AC Milan', CAST(N'2024-04-25' AS Date), N'Home', N'Champions League');
GO
INSERT INTO PlayerMatchStats (MatchID, PlayerID, MinutesPlayed, Goals, Assists) VALUES
(1, 6, 85, 1, 1),
(1, 11, 84, 2, 0),
(1, 15, 83, 1, 0),
(1, 18, 80, 2, 1),
(1, 20, 89, 0, 0),
(1, 22, 85, 0, 0),
(2, 1, 89, 0, 0),
(2, 18, 85, 2, 1),
(2, 21, 88, 1, 1),
(2, 23, 83, 0, 1),
(2, 24, 87, 0, 1),
(3, 3, 86, 1, 1),
(3, 6, 80, 1, 1),
(3, 17, 81, 2, 0),
(3, 24, 83, 1, 1),
(4, 12, 84, 1, 0),
(4, 15, 87, 0, 1),
(4, 16, 88, 0, 1),
(4, 18, 86, 1, 1),
(5, 2, 81, 2, 1),
(5, 4, 80, 0, 0),
(5, 16, 88, 0, 1),
(5, 22, 89, 0, 1),
(6, 2, 84, 2, 1),
(6, 9, 87, 0, 0),
(6, 22, 86, 0, 0),
(6, 24, 81, 2, 1),
(7, 5, 87, 1, 0),
(7, 7, 85, 1, 1),
(7, 22, 81, 2, 0),
(8, 2, 83, 2, 1),
(8, 12, 83, 2, 1),
(8, 17, 81, 1, 1),
(9, 6, 80, 0, 0),
(9, 19, 82, 2, 1),
(9, 22, 88, 2, 0),
(10, 14, 80, 1, 0),
(10, 20, 88, 0, 0),
(11, 1, 87, 2, 0),
(11, 4, 82, 2, 1),
(11, 5, 84, 0, 0),
(11, 7, 84, 2, 1),
(11, 9, 86, 1, 1),
(12, 3, 82, 0, 1),
(12, 12, 85, 1, 0),
(12, 19, 83, 0, 1),
(13, 13, 89, 0, 0),
(13, 16, 81, 1, 0),
(14, 2, 85, 1, 1),
(14, 3, 89, 0, 1),
(14, 14, 89, 0, 0),
(14, 17, 81, 2, 0),
(14, 21, 86, 1, 0),
(15, 3, 84, 1, 0),
(15, 4, 81, 0, 0),
(15, 10, 82, 2, 1),
(15, 16, 89, 0, 0),
(16, 8, 87, 1, 0),
(16, 10, 83, 1, 0),
(16, 19, 85, 0, 0),
(17, 4, 84, 0, 1),
(17, 15, 85, 1, 1),
(17, 16, 84, 0, 1),
(18, 4, 83, 0, 0),
(18, 15, 87, 2, 0),
(18, 19, 85, 2, 1),
(18, 22, 80, 1, 1),
(19, 4, 89, 1, 1),
(19, 7, 89, 2, 0),
(19, 11, 89, 2, 0),
(19, 16, 84, 0, 0),
(19, 17, 83, 1, 1),
(19, 22, 85, 1, 0),
(20, 2, 88, 2, 1),
(20, 11, 81, 2, 1),
(20, 22, 81, 2, 1),
(21, 11, 88, 0, 0),
(21, 12, 89, 1, 0),
(21, 17, 88, 0, 1),
(21, 19, 80, 1, 0),
(21, 25, 83, 1, 1),
(22, 4, 85, 1, 1),
(22, 8, 82, 1, 1),
(22, 10, 81, 0, 1),
(22, 13, 80, 0, 1),
(23, 5, 82, 0, 1),
(23, 7, 85, 2, 1),
(23, 21, 81, 1, 1),
(23, 22, 89, 1, 0),
(23, 24, 80, 0, 1),
(24, 3, 89, 0, 1),
(24, 4, 82, 0, 1),
(24, 5, 88, 0, 0),
(24, 6, 84, 1, 0),
(24, 8, 85, 0, 0),
(24, 11, 81, 2, 1),
(24, 14, 81, 0, 0),
(24, 23, 87, 1, 1),
(25, 3, 87, 1, 0),
(25, 8, 85, 0, 0);
GO
INSERT INTO Players (PlayerID, DoB, PlayerName, Status, Nationality, Position, ClubID) VALUES
(1, CAST(N'1988-06-24' AS Date), N'Robert Lewandowski', N'Ready', N'Poland', N'Forward', 1),
(2, CAST(N'1992-04-30' AS Date), N'Ter Stegen', N'Ready', N'Germany', N'Goalkeeper', 1),
(3, CAST(N'2004-07-13' AS Date), N'Lamine Yamal', N'Ready', N'Spain', N'Forward', 1),
(4, CAST(N'2003-08-05' AS Date), N'Gavi', N'Ready', N'Spain', N'Midfielder', 1),
(5, CAST(N'2002-11-25' AS Date), N'Pedri', N'Ready', N'Spain', N'Midfielder', 1),
(6, CAST(N'1997-05-12' AS Date), N'Frenkie De Jong', N'Ready', N'Netherlands', N'Midfielder', 1),
(7, CAST(N'1991-02-13' AS Date), N'Memphis Depay', N'Ready', N'Netherlands', N'Forward', 1),
(8, CAST(N'1996-03-15' AS Date), N'Dembele', N'Ready', N'France', N'Forward', 1),
(9, CAST(N'1994-05-01' AS Date), N'Raphinha', N'Ready', N'Brazil', N'Forward', 1),
(10, CAST(N'2000-01-01' AS Date), N'Ferran Torres', N'Ready', N'Spain', N'Forward', 1),
(11, CAST(N'1996-01-11' AS Date), N'Inigo Martinez', N'Ready', N'Spain', N'Defender', 1),
(12, CAST(N'2003-01-23' AS Date), N'Balde', N'Ready', N'Spain', N'Defender', 1),
(13, CAST(N'1995-02-08' AS Date), N'Christensen', N'Ready', N'Denmark', N'Defender', 1),
(14, CAST(N'2000-01-02' AS Date), N'Kounde', N'Ready', N'France', N'Defender', 1),
(15, CAST(N'2001-02-25' AS Date), N'Fermin Lopez', N'Ready', N'Spain', N'Midfielder', 1),
(16, CAST(N'1990-07-16' AS Date), N'Gundogan', N'Ready', N'Germany', N'Midfielder', 1),
(17, CAST(N'2003-03-18' AS Date), N'Cubarsi', N'Ready', N'Spain', N'Defender', 1),
(18, CAST(N'2004-02-15' AS Date), N'Marc Casado', N'Ready', N'Spain', N'Midfielder', 1),
(19, CAST(N'2005-01-01' AS Date), N'Noah Darvich', N'Ready', N'Germany', N'Midfielder', 1),
(20, CAST(N'1998-08-12' AS Date), N'Joao Felix', N'Ready', N'Portugal', N'Forward', 1),
(21, CAST(N'1999-11-02' AS Date), N'Joao Cancelo', N'Ready', N'Portugal', N'Defender', 1),
(22, CAST(N'2002-09-01' AS Date), N'Arnau Tenas', N'Ready', N'Spain', N'Goalkeeper', 1),
(23, CAST(N'2004-05-10' AS Date), N'Angel Alarcon', N'Ready', N'Spain', N'Forward', 1),
(24, CAST(N'2003-04-01' AS Date), N'Mikayil Faye', N'Ready', N'Senegal', N'Defender', 1),
(25, CAST(N'2001-12-09' AS Date), N'Oriol Romeu', N'Ready', N'Spain', N'Midfielder', 1);
GO
INSERT INTO SellHistory (TicketID, CustomerID, PurchaseDate, FinalPrice) VALUES
(1, 1, CAST(N'2024-01-02' AS Date), CAST(100.00 AS Decimal(18, 2))),
(2, 2, CAST(N'2024-01-03' AS Date), CAST(100.00 AS Decimal(18, 2))),
(3, 3, CAST(N'2024-01-04' AS Date), CAST(100.00 AS Decimal(18, 2))),
(4, 4, CAST(N'2024-01-05' AS Date), CAST(100.00 AS Decimal(18, 2))),
(5, 5, CAST(N'2024-01-06' AS Date), CAST(300.00 AS Decimal(18, 2))),
(6, 6, CAST(N'2024-01-07' AS Date), CAST(100.00 AS Decimal(18, 2))),
(7, 7, CAST(N'2024-01-08' AS Date), CAST(100.00 AS Decimal(18, 2))),
(8, 8, CAST(N'2024-01-09' AS Date), CAST(100.00 AS Decimal(18, 2))),
(9, 9, CAST(N'2024-01-10' AS Date), CAST(100.00 AS Decimal(18, 2))),
(10, 10, CAST(N'2024-01-11' AS Date), CAST(300.00 AS Decimal(18, 2))),
(11, 11, CAST(N'2024-01-12' AS Date), CAST(100.00 AS Decimal(18, 2))),
(12, 12, CAST(N'2024-01-13' AS Date), CAST(100.00 AS Decimal(18, 2))),
(13, 13, CAST(N'2024-01-14' AS Date), CAST(100.00 AS Decimal(18, 2))),
(14, 14, CAST(N'2024-01-15' AS Date), CAST(100.00 AS Decimal(18, 2))),
(15, 15, CAST(N'2024-01-16' AS Date), CAST(300.00 AS Decimal(18, 2))),
(16, 16, CAST(N'2024-01-17' AS Date), CAST(100.00 AS Decimal(18, 2))),
(17, 17, CAST(N'2024-01-18' AS Date), CAST(100.00 AS Decimal(18, 2))),
(18, 18, CAST(N'2024-01-19' AS Date), CAST(100.00 AS Decimal(18, 2))),
(19, 19, CAST(N'2024-01-20' AS Date), CAST(100.00 AS Decimal(18, 2))),
(20, 20, CAST(N'2024-01-21' AS Date), CAST(300.00 AS Decimal(18, 2))),
(21, 21, CAST(N'2024-01-22' AS Date), CAST(100.00 AS Decimal(18, 2))),
(22, 22, CAST(N'2024-01-23' AS Date), CAST(100.00 AS Decimal(18, 2))),
(23, 23, CAST(N'2024-01-24' AS Date), CAST(100.00 AS Decimal(18, 2))),
(24, 24, CAST(N'2024-01-25' AS Date), CAST(100.00 AS Decimal(18, 2))),
(25, 25, CAST(N'2024-01-26' AS Date), CAST(300.00 AS Decimal(18, 2))),
(26, 1, CAST(N'2024-01-27' AS Date), CAST(100.00 AS Decimal(18, 2))),
(27, 2, CAST(N'2024-01-28' AS Date), CAST(100.00 AS Decimal(18, 2))),
(28, 3, CAST(N'2024-01-29' AS Date), CAST(100.00 AS Decimal(18, 2))),
(29, 4, CAST(N'2024-01-30' AS Date), CAST(100.00 AS Decimal(18, 2))),
(30, 5, CAST(N'2024-01-31' AS Date), CAST(300.00 AS Decimal(18, 2))),
(31, 6, CAST(N'2024-02-01' AS Date), CAST(100.00 AS Decimal(18, 2))),
(32, 7, CAST(N'2024-02-02' AS Date), CAST(100.00 AS Decimal(18, 2))),
(33, 8, CAST(N'2024-02-03' AS Date), CAST(100.00 AS Decimal(18, 2))),
(34, 9, CAST(N'2024-02-04' AS Date), CAST(100.00 AS Decimal(18, 2))),
(35, 10, CAST(N'2024-02-05' AS Date), CAST(300.00 AS Decimal(18, 2))),
(36, 11, CAST(N'2024-02-06' AS Date), CAST(100.00 AS Decimal(18, 2))),
(37, 12, CAST(N'2024-02-07' AS Date), CAST(100.00 AS Decimal(18, 2))),
(38, 13, CAST(N'2024-02-08' AS Date), CAST(100.00 AS Decimal(18, 2))),
(39, 14, CAST(N'2024-02-09' AS Date), CAST(100.00 AS Decimal(18, 2))),
(40, 15, CAST(N'2024-02-10' AS Date), CAST(300.00 AS Decimal(18, 2))),
(41, 16, CAST(N'2024-02-11' AS Date), CAST(100.00 AS Decimal(18, 2))),
(42, 17, CAST(N'2024-02-12' AS Date), CAST(100.00 AS Decimal(18, 2))),
(43, 18, CAST(N'2024-02-13' AS Date), CAST(100.00 AS Decimal(18, 2))),
(44, 19, CAST(N'2024-02-14' AS Date), CAST(100.00 AS Decimal(18, 2))),
(45, 20, CAST(N'2024-02-15' AS Date), CAST(300.00 AS Decimal(18, 2))),
(46, 21, CAST(N'2024-02-16' AS Date), CAST(100.00 AS Decimal(18, 2))),
(47, 22, CAST(N'2024-02-17' AS Date), CAST(100.00 AS Decimal(18, 2))),
(48, 23, CAST(N'2024-02-18' AS Date), CAST(100.00 AS Decimal(18, 2))),
(49, 24, CAST(N'2024-02-19' AS Date), CAST(100.00 AS Decimal(18, 2))),
(50, 25, CAST(N'2024-02-20' AS Date), CAST(300.00 AS Decimal(18, 2))),
(51, 1, CAST(N'2024-02-21' AS Date), CAST(100.00 AS Decimal(18, 2))),
(52, 2, CAST(N'2024-02-22' AS Date), CAST(100.00 AS Decimal(18, 2))),
(53, 3, CAST(N'2024-02-23' AS Date), CAST(100.00 AS Decimal(18, 2))),
(54, 4, CAST(N'2024-02-24' AS Date), CAST(100.00 AS Decimal(18, 2))),
(55, 5, CAST(N'2024-02-25' AS Date), CAST(300.00 AS Decimal(18, 2))),
(56, 6, CAST(N'2024-02-26' AS Date), CAST(100.00 AS Decimal(18, 2))),
(57, 7, CAST(N'2024-02-27' AS Date), CAST(100.00 AS Decimal(18, 2))),
(58, 8, CAST(N'2024-02-28' AS Date), CAST(100.00 AS Decimal(18, 2))),
(59, 9, CAST(N'2024-02-29' AS Date), CAST(100.00 AS Decimal(18, 2))),
(60, 10, CAST(N'2024-03-01' AS Date), CAST(300.00 AS Decimal(18, 2))),
(61, 11, CAST(N'2024-03-02' AS Date), CAST(100.00 AS Decimal(18, 2))),
(62, 12, CAST(N'2024-03-03' AS Date), CAST(100.00 AS Decimal(18, 2))),
(63, 13, CAST(N'2024-03-04' AS Date), CAST(100.00 AS Decimal(18, 2))),
(64, 14, CAST(N'2024-03-05' AS Date), CAST(100.00 AS Decimal(18, 2))),
(65, 15, CAST(N'2024-03-06' AS Date), CAST(300.00 AS Decimal(18, 2))),
(66, 16, CAST(N'2024-03-07' AS Date), CAST(100.00 AS Decimal(18, 2))),
(67, 17, CAST(N'2024-03-08' AS Date), CAST(100.00 AS Decimal(18, 2))),
(68, 18, CAST(N'2024-03-09' AS Date), CAST(100.00 AS Decimal(18, 2))),
(69, 19, CAST(N'2024-03-10' AS Date), CAST(100.00 AS Decimal(18, 2))),
(70, 20, CAST(N'2024-03-11' AS Date), CAST(300.00 AS Decimal(18, 2))),
(71, 21, CAST(N'2024-03-12' AS Date), CAST(100.00 AS Decimal(18, 2))),
(72, 22, CAST(N'2024-03-13' AS Date), CAST(100.00 AS Decimal(18, 2))),
(73, 23, CAST(N'2024-03-14' AS Date), CAST(100.00 AS Decimal(18, 2))),
(74, 24, CAST(N'2024-03-15' AS Date), CAST(100.00 AS Decimal(18, 2))),
(75, 25, CAST(N'2024-03-16' AS Date), CAST(300.00 AS Decimal(18, 2))),
(76, 1, CAST(N'2024-03-17' AS Date), CAST(100.00 AS Decimal(18, 2))),
(77, 2, CAST(N'2024-03-18' AS Date), CAST(100.00 AS Decimal(18, 2))),
(78, 3, CAST(N'2024-03-19' AS Date), CAST(100.00 AS Decimal(18, 2))),
(79, 4, CAST(N'2024-03-20' AS Date), CAST(100.00 AS Decimal(18, 2))),
(80, 5, CAST(N'2024-03-21' AS Date), CAST(300.00 AS Decimal(18, 2))),
(81, 6, CAST(N'2024-03-22' AS Date), CAST(100.00 AS Decimal(18, 2))),
(82, 7, CAST(N'2024-03-23' AS Date), CAST(100.00 AS Decimal(18, 2))),
(83, 8, CAST(N'2024-03-24' AS Date), CAST(100.00 AS Decimal(18, 2))),
(84, 9, CAST(N'2024-03-25' AS Date), CAST(100.00 AS Decimal(18, 2))),
(85, 10, CAST(N'2024-03-26' AS Date), CAST(300.00 AS Decimal(18, 2))),
(86, 11, CAST(N'2024-03-27' AS Date), CAST(100.00 AS Decimal(18, 2))),
(87, 12, CAST(N'2024-03-28' AS Date), CAST(100.00 AS Decimal(18, 2))),
(88, 13, CAST(N'2024-03-29' AS Date), CAST(100.00 AS Decimal(18, 2))),
(89, 14, CAST(N'2024-03-30' AS Date), CAST(100.00 AS Decimal(18, 2))),
(90, 15, CAST(N'2024-03-31' AS Date), CAST(300.00 AS Decimal(18, 2))),
(91, 16, CAST(N'2024-04-01' AS Date), CAST(100.00 AS Decimal(18, 2))),
(92, 17, CAST(N'2024-04-02' AS Date), CAST(100.00 AS Decimal(18, 2))),
(93, 18, CAST(N'2024-04-03' AS Date), CAST(100.00 AS Decimal(18, 2))),
(94, 19, CAST(N'2024-04-04' AS Date), CAST(100.00 AS Decimal(18, 2))),
(95, 20, CAST(N'2024-04-05' AS Date), CAST(300.00 AS Decimal(18, 2))),
(96, 21, CAST(N'2024-04-06' AS Date), CAST(100.00 AS Decimal(18, 2))),
(97, 22, CAST(N'2024-04-07' AS Date), CAST(100.00 AS Decimal(18, 2))),
(98, 23, CAST(N'2024-04-08' AS Date), CAST(100.00 AS Decimal(18, 2))),
(99, 24, CAST(N'2024-04-09' AS Date), CAST(100.00 AS Decimal(18, 2))),
(100, 25, CAST(N'2024-04-10' AS Date), CAST(300.00 AS Decimal(18, 2)));
GO
INSERT INTO SellHistory (TicketID, CustomerID, PurchaseDate, FinalPrice) VALUES
(101, 1, CAST(N'2024-04-11' AS Date), CAST(100.00 AS Decimal(18, 2))),
(102, 2, CAST(N'2024-04-12' AS Date), CAST(100.00 AS Decimal(18, 2))),
(103, 3, CAST(N'2024-04-13' AS Date), CAST(100.00 AS Decimal(18, 2))),
(104, 4, CAST(N'2024-04-14' AS Date), CAST(100.00 AS Decimal(18, 2))),
(105, 5, CAST(N'2024-04-15' AS Date), CAST(300.00 AS Decimal(18, 2))),
(106, 6, CAST(N'2024-04-16' AS Date), CAST(100.00 AS Decimal(18, 2))),
(107, 7, CAST(N'2024-04-17' AS Date), CAST(100.00 AS Decimal(18, 2))),
(108, 8, CAST(N'2024-04-18' AS Date), CAST(100.00 AS Decimal(18, 2))),
(109, 9, CAST(N'2024-04-19' AS Date), CAST(100.00 AS Decimal(18, 2))),
(110, 10, CAST(N'2024-04-20' AS Date), CAST(300.00 AS Decimal(18, 2))),
(111, 11, CAST(N'2024-04-21' AS Date), CAST(100.00 AS Decimal(18, 2))),
(112, 12, CAST(N'2024-04-22' AS Date), CAST(100.00 AS Decimal(18, 2))),
(113, 13, CAST(N'2024-04-23' AS Date), CAST(100.00 AS Decimal(18, 2))),
(114, 14, CAST(N'2024-04-24' AS Date), CAST(100.00 AS Decimal(18, 2))),
(115, 15, CAST(N'2024-04-25' AS Date), CAST(300.00 AS Decimal(18, 2))),
(116, 16, CAST(N'2024-04-26' AS Date), CAST(100.00 AS Decimal(18, 2))),
(117, 17, CAST(N'2024-04-27' AS Date), CAST(100.00 AS Decimal(18, 2))),
(118, 18, CAST(N'2024-04-28' AS Date), CAST(100.00 AS Decimal(18, 2))),
(119, 19, CAST(N'2024-04-29' AS Date), CAST(100.00 AS Decimal(18, 2))),
(120, 20, CAST(N'2024-04-30' AS Date), CAST(300.00 AS Decimal(18, 2))),
(121, 21, CAST(N'2024-05-01' AS Date), CAST(100.00 AS Decimal(18, 2))),
(122, 22, CAST(N'2024-05-02' AS Date), CAST(100.00 AS Decimal(18, 2))),
(123, 23, CAST(N'2024-05-03' AS Date), CAST(100.00 AS Decimal(18, 2))),
(124, 24, CAST(N'2024-05-04' AS Date), CAST(100.00 AS Decimal(18, 2))),
(125, 25, CAST(N'2024-05-05' AS Date), CAST(300.00 AS Decimal(18, 2))),
(126, 1, CAST(N'2024-05-06' AS Date), CAST(100.00 AS Decimal(18, 2))),
(127, 2, CAST(N'2024-05-07' AS Date), CAST(100.00 AS Decimal(18, 2))),
(128, 3, CAST(N'2024-05-08' AS Date), CAST(100.00 AS Decimal(18, 2))),
(129, 4, CAST(N'2024-05-09' AS Date), CAST(100.00 AS Decimal(18, 2))),
(130, 5, CAST(N'2024-05-10' AS Date), CAST(300.00 AS Decimal(18, 2))),
(131, 6, CAST(N'2024-05-11' AS Date), CAST(100.00 AS Decimal(18, 2))),
(132, 7, CAST(N'2024-05-12' AS Date), CAST(100.00 AS Decimal(18, 2))),
(133, 8, CAST(N'2024-05-13' AS Date), CAST(100.00 AS Decimal(18, 2))),
(134, 9, CAST(N'2024-05-14' AS Date), CAST(100.00 AS Decimal(18, 2))),
(135, 10, CAST(N'2024-05-15' AS Date), CAST(300.00 AS Decimal(18, 2))),
(136, 11, CAST(N'2024-05-16' AS Date), CAST(100.00 AS Decimal(18, 2))),
(137, 12, CAST(N'2024-05-17' AS Date), CAST(100.00 AS Decimal(18, 2))),
(138, 13, CAST(N'2024-05-18' AS Date), CAST(100.00 AS Decimal(18, 2))),
(139, 14, CAST(N'2024-05-19' AS Date), CAST(100.00 AS Decimal(18, 2))),
(140, 15, CAST(N'2024-05-20' AS Date), CAST(300.00 AS Decimal(18, 2))),
(141, 16, CAST(N'2024-05-21' AS Date), CAST(100.00 AS Decimal(18, 2))),
(142, 17, CAST(N'2024-05-22' AS Date), CAST(100.00 AS Decimal(18, 2))),
(143, 18, CAST(N'2024-05-23' AS Date), CAST(100.00 AS Decimal(18, 2))),
(144, 19, CAST(N'2024-05-24' AS Date), CAST(100.00 AS Decimal(18, 2))),
(145, 20, CAST(N'2024-05-25' AS Date), CAST(300.00 AS Decimal(18, 2))),
(146, 21, CAST(N'2024-05-26' AS Date), CAST(100.00 AS Decimal(18, 2))),
(147, 22, CAST(N'2024-05-27' AS Date), CAST(100.00 AS Decimal(18, 2))),
(148, 23, CAST(N'2024-05-28' AS Date), CAST(100.00 AS Decimal(18, 2))),
(149, 24, CAST(N'2024-05-29' AS Date), CAST(100.00 AS Decimal(18, 2))),
(150, 25, CAST(N'2024-05-30' AS Date), CAST(300.00 AS Decimal(18, 2))),
(151, 1, CAST(N'2024-05-31' AS Date), CAST(100.00 AS Decimal(18, 2))),
(152, 2, CAST(N'2024-06-01' AS Date), CAST(100.00 AS Decimal(18, 2))),
(153, 3, CAST(N'2024-06-02' AS Date), CAST(100.00 AS Decimal(18, 2))),
(154, 4, CAST(N'2024-06-03' AS Date), CAST(100.00 AS Decimal(18, 2))),
(155, 5, CAST(N'2024-06-04' AS Date), CAST(300.00 AS Decimal(18, 2))),
(156, 6, CAST(N'2024-06-05' AS Date), CAST(100.00 AS Decimal(18, 2))),
(157, 7, CAST(N'2024-06-06' AS Date), CAST(100.00 AS Decimal(18, 2))),
(158, 8, CAST(N'2024-06-07' AS Date), CAST(100.00 AS Decimal(18, 2))),
(159, 9, CAST(N'2024-06-08' AS Date), CAST(100.00 AS Decimal(18, 2))),
(160, 10, CAST(N'2024-06-09' AS Date), CAST(300.00 AS Decimal(18, 2))),
(161, 11, CAST(N'2024-06-10' AS Date), CAST(100.00 AS Decimal(18, 2))),
(162, 12, CAST(N'2024-06-11' AS Date), CAST(100.00 AS Decimal(18, 2))),
(163, 13, CAST(N'2024-06-12' AS Date), CAST(100.00 AS Decimal(18, 2))),
(164, 14, CAST(N'2024-06-13' AS Date), CAST(100.00 AS Decimal(18, 2))),
(165, 15, CAST(N'2024-06-14' AS Date), CAST(300.00 AS Decimal(18, 2))),
(166, 16, CAST(N'2024-06-15' AS Date), CAST(100.00 AS Decimal(18, 2))),
(167, 17, CAST(N'2024-06-16' AS Date), CAST(100.00 AS Decimal(18, 2))),
(168, 18, CAST(N'2024-06-17' AS Date), CAST(100.00 AS Decimal(18, 2))),
(169, 19, CAST(N'2024-06-18' AS Date), CAST(100.00 AS Decimal(18, 2))),
(170, 20, CAST(N'2024-06-19' AS Date), CAST(300.00 AS Decimal(18, 2))),
(171, 21, CAST(N'2024-06-20' AS Date), CAST(100.00 AS Decimal(18, 2))),
(172, 22, CAST(N'2024-06-21' AS Date), CAST(100.00 AS Decimal(18, 2))),
(173, 23, CAST(N'2024-06-22' AS Date), CAST(100.00 AS Decimal(18, 2))),
(174, 24, CAST(N'2024-06-23' AS Date), CAST(100.00 AS Decimal(18, 2))),
(175, 25, CAST(N'2024-06-24' AS Date), CAST(300.00 AS Decimal(18, 2))),
(176, 1, CAST(N'2024-06-25' AS Date), CAST(100.00 AS Decimal(18, 2))),
(177, 2, CAST(N'2024-06-26' AS Date), CAST(100.00 AS Decimal(18, 2))),
(178, 3, CAST(N'2024-06-27' AS Date), CAST(100.00 AS Decimal(18, 2))),
(179, 4, CAST(N'2024-06-28' AS Date), CAST(100.00 AS Decimal(18, 2))),
(180, 5, CAST(N'2024-06-29' AS Date), CAST(300.00 AS Decimal(18, 2))),
(181, 6, CAST(N'2024-06-30' AS Date), CAST(100.00 AS Decimal(18, 2))),
(182, 7, CAST(N'2024-07-01' AS Date), CAST(100.00 AS Decimal(18, 2))),
(183, 8, CAST(N'2024-07-02' AS Date), CAST(100.00 AS Decimal(18, 2))),
(184, 9, CAST(N'2024-07-03' AS Date), CAST(100.00 AS Decimal(18, 2))),
(185, 10, CAST(N'2024-07-04' AS Date), CAST(300.00 AS Decimal(18, 2))),
(186, 11, CAST(N'2024-07-05' AS Date), CAST(100.00 AS Decimal(18, 2))),
(187, 12, CAST(N'2024-07-06' AS Date), CAST(100.00 AS Decimal(18, 2))),
(188, 13, CAST(N'2024-07-07' AS Date), CAST(100.00 AS Decimal(18, 2))),
(189, 14, CAST(N'2024-07-08' AS Date), CAST(100.00 AS Decimal(18, 2))),
(190, 15, CAST(N'2024-07-09' AS Date), CAST(300.00 AS Decimal(18, 2))),
(191, 16, CAST(N'2024-07-10' AS Date), CAST(100.00 AS Decimal(18, 2))),
(192, 17, CAST(N'2024-07-11' AS Date), CAST(100.00 AS Decimal(18, 2))),
(193, 18, CAST(N'2024-07-12' AS Date), CAST(100.00 AS Decimal(18, 2))),
(194, 19, CAST(N'2024-07-13' AS Date), CAST(100.00 AS Decimal(18, 2))),
(195, 20, CAST(N'2024-07-14' AS Date), CAST(300.00 AS Decimal(18, 2))),
(196, 21, CAST(N'2024-07-15' AS Date), CAST(100.00 AS Decimal(18, 2))),
(197, 22, CAST(N'2024-07-16' AS Date), CAST(100.00 AS Decimal(18, 2))),
(198, 23, CAST(N'2024-07-17' AS Date), CAST(100.00 AS Decimal(18, 2))),
(199, 24, CAST(N'2024-07-18' AS Date), CAST(100.00 AS Decimal(18, 2))),
(200, 25, CAST(N'2024-07-19' AS Date), CAST(300.00 AS Decimal(18, 2)));
GO
INSERT INTO Sponsors (SponsorID, BrandName, Industry) VALUES
(1, N'Nike', N'Sportswear'),
(2, N'Spotify', N'Streaming'),
(3, N'Rakuten', N'Ecommerce'),
(4, N'Adidas', N'Sportswear'),
(5, N'Coca Cola', N'Beverage');
GO
INSERT INTO Staffs (StaffID, StaffName, Role, ClubID) VALUES
(1, N'Xavi Hernandez', N'Head Coach', 1),
(2, N'Assistant Coach 1', N'Assistant Coach', 1),
(3, N'Assistant Coach 2', N'Assistant Coach', 1),
(4, N'Fitness Coach', N'Fitness Coach', 1),
(5, N'Goalkeeper Coach', N'Goalkeeper Coach', 1),
(6, N'Team Doctor', N'Doctor', 1),
(7, N'Physiotherapist', N'Medical Staff', 1),
(8, N'Analyst 1', N'Data Analyst', 1),
(9, N'Analyst 2', N'Data Analyst', 1),
(10, N'Team Manager', N'Manager', 1);
GO
INSERT INTO Tickets (TicketID, SeatNumber, TicketType, MatchID) VALUES
(1, N'S-1', N'Standard', 1),
(2, N'S-2', N'Standard', 2),
(3, N'S-3', N'Standard', 3),
(4, N'S-4', N'Standard', 4),
(5, N'S-5', N'VIP', 5),
(6, N'S-6', N'Standard', 6),
(7, N'S-7', N'Standard', 7),
(8, N'S-8', N'Standard', 8),
(9, N'S-9', N'Standard', 9),
(10, N'S-10', N'VIP', 10),
(11, N'S-11', N'Standard', 11),
(12, N'S-12', N'Standard', 12),
(13, N'S-13', N'Standard', 13),
(14, N'S-14', N'Standard', 14),
(15, N'S-15', N'VIP', 15),
(16, N'S-16', N'Standard', 16),
(17, N'S-17', N'Standard', 17),
(18, N'S-18', N'Standard', 18),
(19, N'S-19', N'Standard', 19),
(20, N'S-20', N'VIP', 20),
(21, N'S-21', N'Standard', 21),
(22, N'S-22', N'Standard', 22),
(23, N'S-23', N'Standard', 23),
(24, N'S-24', N'Standard', 24),
(25, N'S-25', N'VIP', 25),
(26, N'S-26', N'Standard', 1),
(27, N'S-27', N'Standard', 2),
(28, N'S-28', N'Standard', 3),
(29, N'S-29', N'Standard', 4),
(30, N'S-30', N'VIP', 5),
(31, N'S-31', N'Standard', 6),
(32, N'S-32', N'Standard', 7),
(33, N'S-33', N'Standard', 8),
(34, N'S-34', N'Standard', 9),
(35, N'S-35', N'VIP', 10),
(36, N'S-36', N'Standard', 11),
(37, N'S-37', N'Standard', 12),
(38, N'S-38', N'Standard', 13),
(39, N'S-39', N'Standard', 14),
(40, N'S-40', N'VIP', 15),
(41, N'S-41', N'Standard', 16),
(42, N'S-42', N'Standard', 17),
(43, N'S-43', N'Standard', 18),
(44, N'S-44', N'Standard', 19),
(45, N'S-45', N'VIP', 20),
(46, N'S-46', N'Standard', 21),
(47, N'S-47', N'Standard', 22),
(48, N'S-48', N'Standard', 23),
(49, N'S-49', N'Standard', 24),
(50, N'S-50', N'VIP', 25),
(51, N'S-51', N'Standard', 1),
(52, N'S-52', N'Standard', 2),
(53, N'S-53', N'Standard', 3),
(54, N'S-54', N'Standard', 4),
(55, N'S-55', N'VIP', 5),
(56, N'S-56', N'Standard', 6),
(57, N'S-57', N'Standard', 7),
(58, N'S-58', N'Standard', 8),
(59, N'S-59', N'Standard', 9),
(60, N'S-60', N'VIP', 10),
(61, N'S-61', N'Standard', 11),
(62, N'S-62', N'Standard', 12),
(63, N'S-63', N'Standard', 13),
(64, N'S-64', N'Standard', 14),
(65, N'S-65', N'VIP', 15),
(66, N'S-66', N'Standard', 16),
(67, N'S-67', N'Standard', 17),
(68, N'S-68', N'Standard', 18),
(69, N'S-69', N'Standard', 19),
(70, N'S-70', N'VIP', 20),
(71, N'S-71', N'Standard', 21),
(72, N'S-72', N'Standard', 22),
(73, N'S-73', N'Standard', 23),
(74, N'S-74', N'Standard', 24),
(75, N'S-75', N'VIP', 25),
(76, N'S-76', N'Standard', 1),
(77, N'S-77', N'Standard', 2),
(78, N'S-78', N'Standard', 3),
(79, N'S-79', N'Standard', 4),
(80, N'S-80', N'VIP', 5),
(81, N'S-81', N'Standard', 6),
(82, N'S-82', N'Standard', 7),
(83, N'S-83', N'Standard', 8),
(84, N'S-84', N'Standard', 9),
(85, N'S-85', N'VIP', 10),
(86, N'S-86', N'Standard', 11),
(87, N'S-87', N'Standard', 12),
(88, N'S-88', N'Standard', 13),
(89, N'S-89', N'Standard', 14),
(90, N'S-90', N'VIP', 15),
(91, N'S-91', N'Standard', 16),
(92, N'S-92', N'Standard', 17),
(93, N'S-93', N'Standard', 18),
(94, N'S-94', N'Standard', 19),
(95, N'S-95', N'VIP', 20),
(96, N'S-96', N'Standard', 21),
(97, N'S-97', N'Standard', 22),
(98, N'S-98', N'Standard', 23),
(99, N'S-99', N'Standard', 24),
(100, N'S-100', N'VIP', 25);
GO
INSERT INTO Tickets (TicketID, SeatNumber, TicketType, MatchID) VALUES
(101, N'S-101', N'Standard', 1),
(102, N'S-102', N'Standard', 2),
(103, N'S-103', N'Standard', 3),
(104, N'S-104', N'Standard', 4),
(105, N'S-105', N'VIP', 5),
(106, N'S-106', N'Standard', 6),
(107, N'S-107', N'Standard', 7),
(108, N'S-108', N'Standard', 8),
(109, N'S-109', N'Standard', 9),
(110, N'S-110', N'VIP', 10),
(111, N'S-111', N'Standard', 11),
(112, N'S-112', N'Standard', 12),
(113, N'S-113', N'Standard', 13),
(114, N'S-114', N'Standard', 14),
(115, N'S-115', N'VIP', 15),
(116, N'S-116', N'Standard', 16),
(117, N'S-117', N'Standard', 17),
(118, N'S-118', N'Standard', 18),
(119, N'S-119', N'Standard', 19),
(120, N'S-120', N'VIP', 20),
(121, N'S-121', N'Standard', 21),
(122, N'S-122', N'Standard', 22),
(123, N'S-123', N'Standard', 23),
(124, N'S-124', N'Standard', 24),
(125, N'S-125', N'VIP', 25),
(126, N'S-126', N'Standard', 1),
(127, N'S-127', N'Standard', 2),
(128, N'S-128', N'Standard', 3),
(129, N'S-129', N'Standard', 4),
(130, N'S-130', N'VIP', 5),
(131, N'S-131', N'Standard', 6),
(132, N'S-132', N'Standard', 7),
(133, N'S-133', N'Standard', 8),
(134, N'S-134', N'Standard', 9),
(135, N'S-135', N'VIP', 10),
(136, N'S-136', N'Standard', 11),
(137, N'S-137', N'Standard', 12),
(138, N'S-138', N'Standard', 13),
(139, N'S-139', N'Standard', 14),
(140, N'S-140', N'VIP', 15),
(141, N'S-141', N'Standard', 16),
(142, N'S-142', N'Standard', 17),
(143, N'S-143', N'Standard', 18),
(144, N'S-144', N'Standard', 19),
(145, N'S-145', N'VIP', 20),
(146, N'S-146', N'Standard', 21),
(147, N'S-147', N'Standard', 22),
(148, N'S-148', N'Standard', 23),
(149, N'S-149', N'Standard', 24),
(150, N'S-150', N'VIP', 25),
(151, N'S-151', N'Standard', 1),
(152, N'S-152', N'Standard', 2),
(153, N'S-153', N'Standard', 3),
(154, N'S-154', N'Standard', 4),
(155, N'S-155', N'VIP', 5),
(156, N'S-156', N'Standard', 6),
(157, N'S-157', N'Standard', 7),
(158, N'S-158', N'Standard', 8),
(159, N'S-159', N'Standard', 9),
(160, N'S-160', N'VIP', 10),
(161, N'S-161', N'Standard', 11),
(162, N'S-162', N'Standard', 12),
(163, N'S-163', N'Standard', 13),
(164, N'S-164', N'Standard', 14),
(165, N'S-165', N'VIP', 15),
(166, N'S-166', N'Standard', 16),
(167, N'S-167', N'Standard', 17),
(168, N'S-168', N'Standard', 18),
(169, N'S-169', N'Standard', 19),
(170, N'S-170', N'VIP', 20),
(171, N'S-171', N'Standard', 21),
(172, N'S-172', N'Standard', 22),
(173, N'S-173', N'Standard', 23),
(174, N'S-174', N'Standard', 24),
(175, N'S-175', N'VIP', 25),
(176, N'S-176', N'Standard', 1),
(177, N'S-177', N'Standard', 2),
(178, N'S-178', N'Standard', 3),
(179, N'S-179', N'Standard', 4),
(180, N'S-180', N'VIP', 5),
(181, N'S-181', N'Standard', 6),
(182, N'S-182', N'Standard', 7),
(183, N'S-183', N'Standard', 8),
(184, N'S-184', N'Standard', 9),
(185, N'S-185', N'VIP', 10),
(186, N'S-186', N'Standard', 11),
(187, N'S-187', N'Standard', 12),
(188, N'S-188', N'Standard', 13),
(189, N'S-189', N'Standard', 14),
(190, N'S-190', N'VIP', 15),
(191, N'S-191', N'Standard', 16),
(192, N'S-192', N'Standard', 17),
(193, N'S-193', N'Standard', 18),
(194, N'S-194', N'Standard', 19),
(195, N'S-195', N'VIP', 20),
(196, N'S-196', N'Standard', 21),
(197, N'S-197', N'Standard', 22),
(198, N'S-198', N'Standard', 23),
(199, N'S-199', N'Standard', 24),
(200, N'S-200', N'VIP', 25);
GO
